DataSet,NodeCount,GraphDensity,UserModel(lambda),Distance,ProbSelectUnknown,ProbReturnFirst,GoalPriority,OperationCount
BarabasiAlbert,200,0.01995,1.0,4,0.8,0,1,22
BarabasiAlbert,200,0.01995,1.0,5,0.8,0,1,68
BarabasiAlbert,200,0.01995,1.0,2,0.8,0,1,78
BarabasiAlbert,200,0.01995,1.0,4,0.8,0,1,69
BarabasiAlbert,200,0.01995,1.0,3,0.8,0,1,75
BarabasiAlbert,200,0.01995,1.0,2,0.8,0,1,2
BarabasiAlbert,200,0.01995,1.0,3,0.8,0,1,1
BarabasiAlbert,200,0.01995,1.0,3,0.8,0,1,39
BarabasiAlbert,200,0.01995,1.0,3,0.8,0,1,89
BarabasiAlbert,200,0.01995,1.0,4,0.8,0,1,11
BarabasiAlbert,200,0.01995,1.0,3,0.8,0,1,1
BarabasiAlbert,200,0.01995,1.0,4,0.8,0,1,30
BarabasiAlbert,200,0.01995,1.0,3,0.8,0,1,43
BarabasiAlbert,200,0.01995,1.0,3,0.8,0,1,31
BarabasiAlbert,200,0.01995,1.0,4,0.8,0,1,5
BarabasiAlbert,200,0.01995,1.0,4,0.8,0,1,67
BarabasiAlbert,200,0.01995,1.0,4,0.8,0,1,11
BarabasiAlbert,200,0.01995,1.0,2,0.8,0,1,3
BarabasiAlbert,200,0.01995,1.0,3,0.8,0,1,126
BarabasiAlbert,200,0.01995,1.0,4,0.8,0,1,230
BarabasiAlbert,200,0.01995,1.0,4,0.8,0,1,5
BarabasiAlbert,200,0.01995,1.0,5,0.8,0,1,13
BarabasiAlbert,200,0.01995,1.0,3,0.8,0,1,29
BarabasiAlbert,200,0.01995,1.0,2,0.8,0,1,3
BarabasiAlbert,200,0.01995,1.0,4,0.8,0,1,14
BarabasiAlbert,200,0.01995,1.0,2,0.8,0,1,128
BarabasiAlbert,200,0.01995,1.0,4,0.8,0,1,95
BarabasiAlbert,200,0.01995,1.0,3,0.8,0,1,82
BarabasiAlbert,200,0.01995,1.0,3,0.8,0,1,20
BarabasiAlbert,200,0.01995,1.0,4,0.8,0,1,108
BarabasiAlbert,200,0.01995,1.0,5,0.8,0,1,58
BarabasiAlbert,200,0.01995,1.0,5,0.8,0,1,52
BarabasiAlbert,200,0.01995,1.0,2,0.8,0,1,2
BarabasiAlbert,200,0.01995,1.0,3,0.8,0,1,83
BarabasiAlbert,200,0.01995,1.0,3,0.8,0,1,15
BarabasiAlbert,200,0.01995,1.0,4,0.8,0,1,81
BarabasiAlbert,200,0.01995,1.0,3,0.8,0,1,11
BarabasiAlbert,200,0.01995,1.0,3,0.8,0,1,46
BarabasiAlbert,200,0.01995,1.0,4,0.8,0,1,18
BarabasiAlbert,200,0.01995,1.0,3,0.8,0,1,5
BarabasiAlbert,200,0.01995,1.0,4,0.8,0,1,34
BarabasiAlbert,200,0.01995,1.0,4,0.8,0,1,196
BarabasiAlbert,200,0.01995,1.0,4,0.8,0,1,63
BarabasiAlbert,200,0.01995,1.0,4,0.8,0,1,18
BarabasiAlbert,200,0.01995,1.0,4,0.8,0,1,56
BarabasiAlbert,200,0.01995,1.0,0,0.8,0,1,0
BarabasiAlbert,200,0.01995,1.0,1,0.8,0,1,9
BarabasiAlbert,200,0.01995,1.0,1,0.8,0,1,2
BarabasiAlbert,200,0.01995,1.0,3,0.8,0,1,8
BarabasiAlbert,200,0.01995,1.0,2,0.8,0,1,17
BarabasiAlbert,200,0.01995,1.0,4,0.8,0,1,16
BarabasiAlbert,200,0.01995,1.0,3,0.8,0,1,48
BarabasiAlbert,200,0.01995,1.0,5,0.8,0,1,31
BarabasiAlbert,200,0.01995,1.0,3,0.8,0,1,19
BarabasiAlbert,200,0.01995,1.0,4,0.8,0,1,55
BarabasiAlbert,200,0.01995,1.0,4,0.8,0,1,131
BarabasiAlbert,200,0.01995,1.0,2,0.8,0,1,7
BarabasiAlbert,200,0.01995,1.0,2,0.8,0,1,75
BarabasiAlbert,200,0.01995,1.0,3,0.8,0,1,47
BarabasiAlbert,200,0.01995,1.0,3,0.8,0,1,36
BarabasiAlbert,200,0.01995,1.0,5,0.8,0,1,83
BarabasiAlbert,200,0.01995,1.0,3,0.8,0,1,55
BarabasiAlbert,200,0.01995,1.0,3,0.8,0,1,37
BarabasiAlbert,200,0.01995,1.0,2,0.8,0,1,92
BarabasiAlbert,200,0.01995,1.0,3,0.8,0,1,43
BarabasiAlbert,200,0.01995,1.0,4,0.8,0,1,64
BarabasiAlbert,200,0.01995,1.0,3,0.8,0,1,11
BarabasiAlbert,200,0.01995,1.0,4,0.8,0,1,9
BarabasiAlbert,200,0.01995,1.0,3,0.8,0,1,56
BarabasiAlbert,200,0.01995,1.0,3,0.8,0,1,142
BarabasiAlbert,200,0.01995,1.0,4,0.8,0,1,25
BarabasiAlbert,200,0.01995,1.0,4,0.8,0,1,117
BarabasiAlbert,200,0.01995,1.0,5,0.8,0,1,30
BarabasiAlbert,200,0.01995,1.0,2,0.8,0,1,250
BarabasiAlbert,200,0.01995,1.0,4,0.8,0,1,14
BarabasiAlbert,200,0.01995,1.0,3,0.8,0,1,4
BarabasiAlbert,200,0.01995,1.0,2,0.8,0,1,67
BarabasiAlbert,200,0.01995,1.0,3,0.8,0,1,21
BarabasiAlbert,200,0.01995,1.0,1,0.8,0,1,26
BarabasiAlbert,200,0.01995,1.0,5,0.8,0,1,54
BarabasiAlbert,200,0.01995,1.0,2,0.8,0,1,49
BarabasiAlbert,200,0.01995,1.0,2,0.8,0,1,2
BarabasiAlbert,200,0.01995,1.0,3,0.8,0,1,74
BarabasiAlbert,200,0.01995,1.0,2,0.8,0,1,29
BarabasiAlbert,200,0.01995,1.0,3,0.8,0,1,103
BarabasiAlbert,200,0.01995,1.0,4,0.8,0,1,15
BarabasiAlbert,200,0.01995,1.0,4,0.8,0,1,182
BarabasiAlbert,200,0.01995,1.0,4,0.8,0,1,52
BarabasiAlbert,200,0.01995,1.0,4,0.8,0,1,18
BarabasiAlbert,200,0.01995,1.0,5,0.8,0,1,271
BarabasiAlbert,200,0.01995,1.0,5,0.8,0,1,103
BarabasiAlbert,200,0.01995,1.0,4,0.8,0,1,21
BarabasiAlbert,200,0.01995,1.0,3,0.8,0,1,71
BarabasiAlbert,200,0.01995,1.0,4,0.8,0,1,112
BarabasiAlbert,200,0.01995,1.0,3,0.8,0,1,26
BarabasiAlbert,200,0.01995,1.0,4,0.8,0,1,43
BarabasiAlbert,200,0.01995,1.0,4,0.8,0,1,56
BarabasiAlbert,200,0.01995,1.0,4,0.8,0,1,51
BarabasiAlbert,200,0.01995,1.0,4,0.8,0,1,91
BarabasiAlbert,200,0.01995,1.0,4,0.8,0,1,30
BarabasiAlbert,200,0.01995,1.0,4,0.8,0,1,29
BarabasiAlbert,200,0.01995,1.0,3,0.8,0,1,43
BarabasiAlbert,200,0.01995,1.0,1,0.8,0,1,1
BarabasiAlbert,200,0.01995,1.0,3,0.8,0,1,6
BarabasiAlbert,200,0.01995,1.0,3,0.8,0,1,13
BarabasiAlbert,200,0.01995,1.0,2,0.8,0,1,15
BarabasiAlbert,200,0.01995,1.0,2,0.8,0,1,278
BarabasiAlbert,200,0.01995,1.0,2,0.8,0,1,90
BarabasiAlbert,200,0.01995,1.0,2,0.8,0,1,49
BarabasiAlbert,200,0.01995,1.0,3,0.8,0,1,47
BarabasiAlbert,200,0.01995,1.0,2,0.8,0,1,99
BarabasiAlbert,200,0.01995,1.0,3,0.8,0,1,244
BarabasiAlbert,200,0.01995,1.0,3,0.8,0,1,160
BarabasiAlbert,200,0.01995,1.0,3,0.8,0,1,22
BarabasiAlbert,200,0.01995,1.0,5,0.8,0,1,11
BarabasiAlbert,200,0.01995,1.0,3,0.8,0,1,8
BarabasiAlbert,200,0.01995,1.0,5,0.8,0,1,36
BarabasiAlbert,200,0.01995,1.0,1,0.8,0,1,18
BarabasiAlbert,200,0.01995,1.0,2,0.8,0,1,15
BarabasiAlbert,200,0.01995,1.0,1,0.8,0,1,4
BarabasiAlbert,200,0.01995,1.0,1,0.8,0,1,2
BarabasiAlbert,200,0.01995,1.0,4,0.8,0,1,11
BarabasiAlbert,200,0.01995,1.0,3,0.8,0,1,64
BarabasiAlbert,200,0.01995,1.0,2,0.8,0,1,68
BarabasiAlbert,200,0.01995,1.0,4,0.8,0,1,29
BarabasiAlbert,200,0.01995,1.0,4,0.8,0,1,106
BarabasiAlbert,200,0.01995,1.0,5,0.8,0,1,54
BarabasiAlbert,200,0.01995,1.0,2,0.8,0,1,5
BarabasiAlbert,200,0.01995,1.0,4,0.8,0,1,17
BarabasiAlbert,200,0.01995,1.0,4,0.8,0,1,122
BarabasiAlbert,200,0.01995,1.0,4,0.8,0,1,113
BarabasiAlbert,200,0.01995,1.0,5,0.8,0,1,25
BarabasiAlbert,200,0.01995,1.0,4,0.8,0,1,77
BarabasiAlbert,200,0.01995,1.0,3,0.8,0,1,81
BarabasiAlbert,200,0.01995,1.0,3,0.8,0,1,37
BarabasiAlbert,200,0.01995,1.0,3,0.8,0,1,160
BarabasiAlbert,200,0.01995,1.0,1,0.8,0,1,3
BarabasiAlbert,200,0.01995,1.0,4,0.8,0,1,37
BarabasiAlbert,200,0.01995,1.0,3,0.8,0,1,159
BarabasiAlbert,200,0.01995,1.0,4,0.8,0,1,66
BarabasiAlbert,200,0.01995,1.0,3,0.8,0,1,52
BarabasiAlbert,200,0.01995,1.0,3,0.8,0,1,24
BarabasiAlbert,200,0.01995,1.0,4,0.8,0,1,20
BarabasiAlbert,200,0.01995,1.0,4,0.8,0,1,123
BarabasiAlbert,200,0.01995,1.0,3,0.8,0,1,91
BarabasiAlbert,200,0.01995,1.0,3,0.8,0,1,8
BarabasiAlbert,200,0.01995,1.0,4,0.8,0,1,33
BarabasiAlbert,200,0.01995,1.0,3,0.8,0,1,117
BarabasiAlbert,200,0.01995,1.0,4,0.8,0,1,285
BarabasiAlbert,200,0.01995,1.0,3,0.8,0,1,261
BarabasiAlbert,200,0.01995,1.0,3,0.8,0,1,27
BarabasiAlbert,200,0.01995,1.0,4,0.8,0,1,202
BarabasiAlbert,200,0.01995,1.0,3,0.8,0,1,2
BarabasiAlbert,200,0.01995,1.0,4,0.8,0,1,110
BarabasiAlbert,200,0.01995,1.0,3,0.8,0,1,3
BarabasiAlbert,200,0.01995,1.0,3,0.8,0,1,188
BarabasiAlbert,200,0.01995,1.0,2,0.8,0,1,24
BarabasiAlbert,200,0.01995,1.0,4,0.8,0,1,64
BarabasiAlbert,200,0.01995,1.0,4,0.8,0,1,56
BarabasiAlbert,200,0.01995,1.0,5,0.8,0,1,77
BarabasiAlbert,200,0.01995,1.0,3,0.8,0,1,75
BarabasiAlbert,200,0.01995,1.0,3,0.8,0,1,49
BarabasiAlbert,200,0.01995,1.0,4,0.8,0,1,73
BarabasiAlbert,200,0.01995,1.0,3,0.8,0,1,132
BarabasiAlbert,200,0.01995,1.0,3,0.8,0,1,50
BarabasiAlbert,200,0.01995,1.0,2,0.8,0,1,15
BarabasiAlbert,200,0.01995,1.0,3,0.8,0,1,45
BarabasiAlbert,200,0.01995,1.0,3,0.8,0,1,32
BarabasiAlbert,200,0.01995,1.0,4,0.8,0,1,13
BarabasiAlbert,200,0.01995,1.0,4,0.8,0,1,35
BarabasiAlbert,200,0.01995,1.0,3,0.8,0,1,6
BarabasiAlbert,200,0.01995,1.0,5,0.8,0,1,70
BarabasiAlbert,200,0.01995,1.0,4,0.8,0,1,179
BarabasiAlbert,200,0.01995,1.0,3,0.8,0,1,66
BarabasiAlbert,200,0.01995,1.0,3,0.8,0,1,6
BarabasiAlbert,200,0.01995,1.0,3,0.8,0,1,36
BarabasiAlbert,200,0.01995,1.0,3,0.8,0,1,39
BarabasiAlbert,200,0.01995,1.0,4,0.8,0,1,99
BarabasiAlbert,200,0.01995,1.0,4,0.8,0,1,235
BarabasiAlbert,200,0.01995,1.0,3,0.8,0,1,62
BarabasiAlbert,200,0.01995,1.0,4,0.8,0,1,62
BarabasiAlbert,200,0.01995,1.0,3,0.8,0,1,3
BarabasiAlbert,200,0.01995,1.0,4,0.8,0,1,15
BarabasiAlbert,200,0.01995,1.0,3,0.8,0,1,46
BarabasiAlbert,200,0.01995,1.0,3,0.8,0,1,114
BarabasiAlbert,200,0.01995,1.0,3,0.8,0,1,120
BarabasiAlbert,200,0.01995,1.0,2,0.8,0,1,7
BarabasiAlbert,200,0.01995,1.0,3,0.8,0,1,102
BarabasiAlbert,200,0.01995,1.0,3,0.8,0,1,71
BarabasiAlbert,200,0.01995,1.0,2,0.8,0,1,221
BarabasiAlbert,200,0.01995,1.0,3,0.8,0,1,93
BarabasiAlbert,200,0.01995,1.0,1,0.8,0,1,71
BarabasiAlbert,200,0.01995,1.0,4,0.8,0,1,78
BarabasiAlbert,200,0.01995,1.0,4,0.8,0,1,15
BarabasiAlbert,200,0.01995,1.0,3,0.8,0,1,36
BarabasiAlbert,200,0.01995,1.0,5,0.8,0,1,266
BarabasiAlbert,200,0.01995,1.0,3,0.8,0,1,30
BarabasiAlbert,200,0.01995,1.0,3,0.8,0,1,20
BarabasiAlbert,200,0.01995,1.0,3,0.8,0,1,34
BarabasiAlbert,200,0.01995,1.0,3,0.8,0,1,54
BarabasiAlbert,200,0.01995,1.0,3,0.8,0,1,21
BarabasiAlbert,200,0.01995,1.0,3,0.8,0,1,107
BarabasiAlbert,200,0.01995,1.0,4,0.8,0,1,9
BarabasiAlbert,200,0.01995,1.0,3,0.8,0,1,56
BarabasiAlbert,200,0.01995,1.0,4,0.8,0,1,38
BarabasiAlbert,200,0.01995,1.0,3,0.8,0,1,9
BarabasiAlbert,200,0.01995,1.0,3,0.8,0,1,62
BarabasiAlbert,200,0.01995,1.0,4,0.8,0,1,109
BarabasiAlbert,200,0.01995,1.0,2,0.8,0,1,1
BarabasiAlbert,200,0.01995,1.0,3,0.8,0,1,42
BarabasiAlbert,200,0.01995,1.0,5,0.8,0,1,17
BarabasiAlbert,200,0.01995,1.0,4,0.8,0,1,19
BarabasiAlbert,200,0.01995,1.0,4,0.8,0,1,135
BarabasiAlbert,200,0.01995,1.0,5,0.8,0,1,3
BarabasiAlbert,200,0.01995,1.0,3,0.8,0,1,56
BarabasiAlbert,200,0.01995,1.0,1,0.8,0,1,22
BarabasiAlbert,200,0.01995,1.0,3,0.8,0,1,103
BarabasiAlbert,200,0.01995,1.0,3,0.8,0,1,139
BarabasiAlbert,200,0.01995,1.0,3,0.8,0,1,181
BarabasiAlbert,200,0.01995,1.0,4,0.8,0,1,9
BarabasiAlbert,200,0.01995,1.0,3,0.8,0,1,116
BarabasiAlbert,200,0.01995,1.0,3,0.8,0,1,168
BarabasiAlbert,200,0.01995,1.0,4,0.8,0,1,25
BarabasiAlbert,200,0.01995,1.0,4,0.8,0,1,4
BarabasiAlbert,200,0.01995,1.0,3,0.8,0,1,56
BarabasiAlbert,200,0.01995,1.0,3,0.8,0,1,39
BarabasiAlbert,200,0.01995,1.0,4,0.8,0,1,12
BarabasiAlbert,200,0.01995,1.0,4,0.8,0,1,86
BarabasiAlbert,200,0.01995,1.0,5,0.8,0,1,17
BarabasiAlbert,200,0.01995,1.0,5,0.8,0,1,197
BarabasiAlbert,200,0.01995,1.0,3,0.8,0,1,91
BarabasiAlbert,200,0.01995,1.0,3,0.8,0,1,54
BarabasiAlbert,200,0.01995,1.0,4,0.8,0,1,61
BarabasiAlbert,200,0.01995,1.0,2,0.8,0,1,36
BarabasiAlbert,200,0.01995,1.0,3,0.8,0,1,29
BarabasiAlbert,200,0.01995,1.0,3,0.8,0,1,66
BarabasiAlbert,200,0.01995,1.0,5,0.8,0,1,93
BarabasiAlbert,200,0.01995,1.0,2,0.8,0,1,177
BarabasiAlbert,200,0.01995,1.0,3,0.8,0,1,81
BarabasiAlbert,200,0.01995,1.0,4,0.8,0,1,100
BarabasiAlbert,200,0.01995,1.0,5,0.8,0,1,198
BarabasiAlbert,200,0.01995,1.0,4,0.8,0,1,6
BarabasiAlbert,200,0.01995,1.0,4,0.8,0,1,165
BarabasiAlbert,200,0.01995,1.0,4,0.8,0,1,54
BarabasiAlbert,200,0.01995,1.0,3,0.8,0,1,139
BarabasiAlbert,200,0.01995,1.0,5,0.8,0,1,68
BarabasiAlbert,200,0.01995,1.0,4,0.8,0,1,22
BarabasiAlbert,200,0.01995,1.0,3,0.8,0,1,19
BarabasiAlbert,200,0.01995,1.0,2,0.8,0,1,81
BarabasiAlbert,200,0.01995,1.0,4,0.8,0,1,7
BarabasiAlbert,200,0.01995,1.0,3,0.8,0,1,238
BarabasiAlbert,200,0.01995,1.0,2,0.8,0,1,6
BarabasiAlbert,200,0.01995,1.0,5,0.8,0,1,56
BarabasiAlbert,200,0.01995,1.0,2,0.8,0,1,5
BarabasiAlbert,200,0.01995,1.0,4,0.8,0,1,43
BarabasiAlbert,200,0.01995,1.0,4,0.8,0,1,50
BarabasiAlbert,200,0.01995,1.0,2,0.8,0,1,11
BarabasiAlbert,200,0.01995,1.0,3,0.8,0,1,15
BarabasiAlbert,200,0.01995,1.0,4,0.8,0,1,99
BarabasiAlbert,200,0.01995,1.0,2,0.8,0,1,96
BarabasiAlbert,200,0.01995,1.0,2,0.8,0,1,34
BarabasiAlbert,200,0.01995,1.0,4,0.8,0,1,72
BarabasiAlbert,200,0.01995,1.0,4,0.8,0,1,129
BarabasiAlbert,200,0.01995,1.0,3,0.8,0,1,21
BarabasiAlbert,200,0.01995,1.0,4,0.8,0,1,112
BarabasiAlbert,200,0.01995,1.0,4,0.8,0,1,7
BarabasiAlbert,200,0.01995,1.0,3,0.8,0,1,146
BarabasiAlbert,200,0.01995,1.0,3,0.8,0,1,140
BarabasiAlbert,200,0.01995,1.0,4,0.8,0,1,25
BarabasiAlbert,200,0.01995,1.0,3,0.8,0,1,71
BarabasiAlbert,200,0.01995,1.0,3,0.8,0,1,24
BarabasiAlbert,200,0.01995,1.0,4,0.8,0,1,93
BarabasiAlbert,200,0.01995,1.0,3,0.8,0,1,84
BarabasiAlbert,200,0.01995,1.0,4,0.8,0,1,35
BarabasiAlbert,200,0.01995,1.0,2,0.8,0,1,16
BarabasiAlbert,200,0.01995,1.0,4,0.8,0,1,60
BarabasiAlbert,200,0.01995,1.0,4,0.8,0,1,26
BarabasiAlbert,200,0.01995,1.0,4,0.8,0,1,12
BarabasiAlbert,200,0.01995,1.0,3,0.8,0,1,16
BarabasiAlbert,200,0.01995,1.0,3,0.8,0,1,87
BarabasiAlbert,200,0.01995,1.0,4,0.8,0,1,93
BarabasiAlbert,200,0.01995,1.0,3,0.8,0,1,63
BarabasiAlbert,200,0.01995,1.0,3,0.8,0,1,48
BarabasiAlbert,200,0.01995,1.0,4,0.8,0,1,9
BarabasiAlbert,200,0.01995,1.0,4,0.8,0,1,20
BarabasiAlbert,200,0.01995,1.0,3,0.8,0,1,61
BarabasiAlbert,200,0.01995,1.0,3,0.8,0,1,23
BarabasiAlbert,200,0.01995,1.0,3,0.8,0,1,6
BarabasiAlbert,200,0.01995,1.0,2,0.8,0,1,46
BarabasiAlbert,200,0.01995,1.0,2,0.8,0,1,16
BarabasiAlbert,200,0.01995,1.0,5,0.8,0,1,135
BarabasiAlbert,200,0.01995,1.0,3,0.8,0,1,62
BarabasiAlbert,200,0.01995,1.0,5,0.8,0,1,116
BarabasiAlbert,200,0.01995,1.0,4,0.8,0,1,29
BarabasiAlbert,200,0.01995,1.0,3,0.8,0,1,214
BarabasiAlbert,200,0.01995,1.0,4,0.8,0,1,197
BarabasiAlbert,200,0.01995,1.0,3,0.8,0,1,39
BarabasiAlbert,200,0.01995,1.0,3,0.8,0,1,34
BarabasiAlbert,200,0.01995,1.0,4,0.8,0,1,17
BarabasiAlbert,200,0.01995,1.0,3,0.8,0,1,87
BarabasiAlbert,200,0.01995,1.0,3,0.8,0,1,64
BarabasiAlbert,200,0.01995,1.0,3,0.8,0,1,36
BarabasiAlbert,200,0.01995,1.0,3,0.8,0,1,6
BarabasiAlbert,200,0.01995,1.0,4,0.8,0,1,17
BarabasiAlbert,200,0.01995,1.0,3,0.8,0,1,13
BarabasiAlbert,200,0.01995,1.0,4,0.8,0,1,51
BarabasiAlbert,200,0.01995,1.0,3,0.8,0,1,42
BarabasiAlbert,200,0.01995,1.0,4,0.8,0,1,38
BarabasiAlbert,200,0.01995,1.0,4,0.8,0,1,115
BarabasiAlbert,200,0.01995,1.0,4,0.8,0,1,66
BarabasiAlbert,200,0.01995,1.0,3,0.8,0,1,35
BarabasiAlbert,200,0.01995,1.0,3,0.8,0,1,131
BarabasiAlbert,200,0.01995,1.0,3,0.8,0,1,3
BarabasiAlbert,200,0.01995,1.0,4,0.8,0,1,48
BarabasiAlbert,200,0.01995,1.0,3,0.8,0,1,66
BarabasiAlbert,200,0.01995,1.0,4,0.8,0,1,150
BarabasiAlbert,200,0.01995,1.0,4,0.8,0,1,119
BarabasiAlbert,200,0.01995,1.0,3,0.8,0,1,23
BarabasiAlbert,200,0.01995,1.0,3,0.8,0,1,2
BarabasiAlbert,200,0.01995,1.0,3,0.8,0,1,5
BarabasiAlbert,200,0.01995,1.0,3,0.8,0,1,85
BarabasiAlbert,200,0.01995,1.0,4,0.8,0,1,104
BarabasiAlbert,200,0.01995,1.0,4,0.8,0,1,180
BarabasiAlbert,200,0.01995,1.0,3,0.8,0,1,106
BarabasiAlbert,200,0.01995,1.0,2,0.8,0,1,3
BarabasiAlbert,200,0.01995,1.0,4,0.8,0,1,74
BarabasiAlbert,200,0.01995,1.0,3,0.8,0,1,126
BarabasiAlbert,200,0.01995,1.0,3,0.8,0,1,24
BarabasiAlbert,200,0.01995,1.0,3,0.8,0,1,7
BarabasiAlbert,200,0.01995,1.0,3,0.8,0,1,113
BarabasiAlbert,200,0.01995,1.0,3,0.8,0,1,15
BarabasiAlbert,200,0.01995,1.0,4,0.8,0,1,27
BarabasiAlbert,200,0.01995,1.0,4,0.8,0,1,20
BarabasiAlbert,200,0.01995,1.0,4,0.8,0,1,84
BarabasiAlbert,200,0.01995,1.0,5,0.8,0,1,179
BarabasiAlbert,200,0.01995,1.0,3,0.8,0,1,76
BarabasiAlbert,200,0.01995,1.0,2,0.8,0,1,70
BarabasiAlbert,200,0.01995,1.0,4,0.8,0,1,22
BarabasiAlbert,200,0.01995,1.0,3,0.8,0,1,29
BarabasiAlbert,200,0.01995,1.0,3,0.8,0,1,42
BarabasiAlbert,200,0.01995,1.0,4,0.8,0,1,12
BarabasiAlbert,200,0.01995,1.0,3,0.8,0,1,69
BarabasiAlbert,200,0.01995,1.0,4,0.8,0,1,68
BarabasiAlbert,200,0.01995,1.0,2,0.8,0,1,7
BarabasiAlbert,200,0.01995,1.0,4,0.8,0,1,198
BarabasiAlbert,200,0.01995,1.0,4,0.8,0,1,32
BarabasiAlbert,200,0.01995,1.0,1,0.8,0,1,10
BarabasiAlbert,200,0.01995,1.0,3,0.8,0,1,3
BarabasiAlbert,200,0.01995,1.0,4,0.8,0,1,50
BarabasiAlbert,200,0.01995,1.0,2,0.8,0,1,28
BarabasiAlbert,200,0.01995,1.0,4,0.8,0,1,106
BarabasiAlbert,200,0.01995,1.0,5,0.8,0,1,76
BarabasiAlbert,200,0.01995,1.0,2,0.8,0,1,85
BarabasiAlbert,200,0.01995,1.0,4,0.8,0,1,135
BarabasiAlbert,200,0.01995,1.0,3,0.8,0,1,108
BarabasiAlbert,200,0.01995,1.0,4,0.8,0,1,92
BarabasiAlbert,200,0.01995,1.0,4,0.8,0,1,114
BarabasiAlbert,200,0.01995,1.0,3,0.8,0,1,224
BarabasiAlbert,200,0.01995,1.0,4,0.8,0,1,51
BarabasiAlbert,200,0.01995,1.0,3,0.8,0,1,11
BarabasiAlbert,200,0.01995,1.0,2,0.8,0,1,20
BarabasiAlbert,200,0.01995,1.0,4,0.8,0,1,17
BarabasiAlbert,200,0.01995,1.0,4,0.8,0,1,23
BarabasiAlbert,200,0.01995,1.0,3,0.8,0,1,56
BarabasiAlbert,200,0.01995,1.0,4,0.8,0,1,84
BarabasiAlbert,200,0.01995,1.0,3,0.8,0,1,175
BarabasiAlbert,200,0.01995,1.0,-1,0.8,0,1,82
BarabasiAlbert,200,0.01995,1.0,4,0.8,0,1,41
BarabasiAlbert,200,0.01995,1.0,2,0.8,0,1,33
BarabasiAlbert,200,0.01995,1.0,2,0.8,0,1,109
BarabasiAlbert,200,0.01995,1.0,4,0.8,0,1,15
BarabasiAlbert,200,0.01995,1.0,3,0.8,0,1,21
BarabasiAlbert,200,0.01995,1.0,4,0.8,0,1,30
BarabasiAlbert,200,0.01995,1.0,2,0.8,0,1,72
BarabasiAlbert,200,0.01995,1.0,3,0.8,0,1,97
BarabasiAlbert,200,0.01995,1.0,4,0.8,0,1,2
BarabasiAlbert,200,0.01995,1.0,4,0.8,0,1,59
BarabasiAlbert,200,0.01995,1.0,4,0.8,0,1,55
BarabasiAlbert,200,0.01995,1.0,4,0.8,0,1,59
BarabasiAlbert,200,0.01995,1.0,3,0.8,0,1,131
BarabasiAlbert,200,0.01995,1.0,3,0.8,0,1,15
BarabasiAlbert,200,0.01995,1.0,2,0.8,0,1,62
BarabasiAlbert,200,0.01995,1.0,3,0.8,0,1,67
BarabasiAlbert,200,0.01995,1.0,3,0.8,0,1,34
BarabasiAlbert,200,0.01995,1.0,4,0.8,0,1,146
BarabasiAlbert,200,0.01995,1.0,3,0.8,0,1,26
BarabasiAlbert,200,0.01995,1.0,5,0.8,0,1,94
BarabasiAlbert,200,0.01995,1.0,2,0.8,0,1,70
BarabasiAlbert,200,0.01995,1.0,4,0.8,0,1,114
BarabasiAlbert,200,0.01995,1.0,3,0.8,0,1,89
BarabasiAlbert,200,0.01995,1.0,5,0.8,0,1,43
BarabasiAlbert,200,0.01995,1.0,3,0.8,0,1,64
BarabasiAlbert,200,0.01995,1.0,3,0.8,0,1,51
BarabasiAlbert,200,0.01995,1.0,4,0.8,0,1,227
BarabasiAlbert,200,0.01995,1.0,4,0.8,0,1,43
BarabasiAlbert,200,0.01995,1.0,2,0.8,0,1,2
BarabasiAlbert,200,0.01995,1.0,2,0.8,0,1,50
BarabasiAlbert,200,0.01995,1.0,3,0.8,0,1,12
BarabasiAlbert,200,0.01995,1.0,3,0.8,0,1,36
BarabasiAlbert,200,0.01995,1.0,3,0.8,0,1,161
BarabasiAlbert,200,0.01995,1.0,3,0.8,0,1,62
BarabasiAlbert,200,0.01995,1.0,4,0.8,0,1,72
BarabasiAlbert,200,0.01995,1.0,3,0.8,0,1,6
BarabasiAlbert,200,0.01995,1.0,2,0.8,0,1,11
BarabasiAlbert,200,0.01995,1.0,4,0.8,0,1,33
BarabasiAlbert,200,0.01995,1.0,4,0.8,0,1,219
BarabasiAlbert,200,0.01995,1.0,3,0.8,0,1,17
BarabasiAlbert,200,0.01995,1.0,2,0.8,0,1,51
BarabasiAlbert,200,0.01995,1.0,3,0.8,0,1,192
BarabasiAlbert,200,0.01995,1.0,2,0.8,0,1,35
BarabasiAlbert,200,0.01995,1.0,1,0.8,0,1,138
BarabasiAlbert,200,0.01995,1.0,3,0.8,0,1,35
BarabasiAlbert,200,0.01995,1.0,3,0.8,0,1,75
BarabasiAlbert,200,0.01995,1.0,1,0.8,0,1,1
BarabasiAlbert,200,0.01995,1.0,3,0.8,0,1,12
BarabasiAlbert,200,0.01995,1.0,3,0.8,0,1,112
BarabasiAlbert,200,0.01995,1.0,4,0.8,0,1,162
BarabasiAlbert,200,0.01995,1.0,3,0.8,0,1,72
BarabasiAlbert,200,0.01995,1.0,3,0.8,0,1,37
BarabasiAlbert,200,0.01995,1.0,3,0.8,0,1,58
BarabasiAlbert,200,0.01995,1.0,3,0.8,0,1,245
BarabasiAlbert,200,0.01995,1.0,4,0.8,0,1,99
BarabasiAlbert,200,0.01995,1.0,2,0.8,0,1,115
BarabasiAlbert,200,0.01995,1.0,2,0.8,0,1,49
BarabasiAlbert,200,0.01995,1.0,3,0.8,0,1,3
BarabasiAlbert,200,0.01995,1.0,3,0.8,0,1,10
BarabasiAlbert,200,0.01995,1.0,2,0.8,0,1,19
BarabasiAlbert,200,0.01995,1.0,2,0.8,0,1,43
BarabasiAlbert,200,0.01995,1.0,3,0.8,0,1,67
BarabasiAlbert,200,0.01995,1.0,1,0.8,0,1,1
BarabasiAlbert,200,0.01995,1.0,4,0.8,0,1,16
BarabasiAlbert,200,0.01995,1.0,3,0.8,0,1,67
BarabasiAlbert,200,0.01995,1.0,4,0.8,0,1,26
BarabasiAlbert,200,0.01995,1.0,3,0.8,0,1,13
BarabasiAlbert,200,0.01995,1.0,3,0.8,0,1,86
BarabasiAlbert,200,0.01995,1.0,3,0.8,0,1,25
BarabasiAlbert,200,0.01995,1.0,4,0.8,0,1,37
BarabasiAlbert,200,0.01995,1.0,4,0.8,0,1,110
BarabasiAlbert,200,0.01995,1.0,3,0.8,0,1,3
BarabasiAlbert,200,0.01995,1.0,3,0.8,0,1,45
BarabasiAlbert,200,0.01995,1.0,4,0.8,0,1,235
BarabasiAlbert,200,0.01995,1.0,2,0.8,0,1,40
BarabasiAlbert,200,0.01995,1.0,3,0.8,0,1,4
BarabasiAlbert,200,0.01995,1.0,3,0.8,0,1,25
BarabasiAlbert,200,0.01995,1.0,4,0.8,0,1,175
BarabasiAlbert,200,0.01995,1.0,3,0.8,0,1,114
BarabasiAlbert,200,0.01995,1.0,4,0.8,0,1,26
BarabasiAlbert,200,0.01995,1.0,3,0.8,0,1,25
BarabasiAlbert,200,0.01995,1.0,4,0.8,0,1,19
BarabasiAlbert,200,0.01995,1.0,3,0.8,0,1,20
BarabasiAlbert,200,0.01995,1.0,4,0.8,0,1,81
BarabasiAlbert,200,0.01995,1.0,3,0.8,0,1,23
BarabasiAlbert,200,0.01995,1.0,3,0.8,0,1,17
BarabasiAlbert,200,0.01995,1.0,3,0.8,0,1,86
BarabasiAlbert,200,0.01995,1.0,3,0.8,0,1,147
BarabasiAlbert,200,0.01995,1.0,4,0.8,0,1,74
BarabasiAlbert,200,0.01995,1.0,2,0.8,0,1,26
BarabasiAlbert,200,0.01995,1.0,5,0.8,0,1,174
BarabasiAlbert,200,0.01995,1.0,4,0.8,0,1,19
BarabasiAlbert,200,0.01995,1.0,4,0.8,0,1,48
BarabasiAlbert,200,0.01995,1.0,4,0.8,0,1,69
BarabasiAlbert,200,0.01995,1.0,1,0.8,0,1,1
BarabasiAlbert,200,0.01995,1.0,3,0.8,0,1,162
BarabasiAlbert,200,0.01995,1.0,3,0.8,0,1,34
BarabasiAlbert,200,0.01995,1.0,4,0.8,0,1,150
BarabasiAlbert,200,0.01995,1.0,2,0.8,0,1,39
BarabasiAlbert,200,0.01995,1.0,1,0.8,0,1,1
BarabasiAlbert,200,0.01995,1.0,5,0.8,0,1,6
BarabasiAlbert,200,0.01995,1.0,3,0.8,0,1,12
BarabasiAlbert,200,0.01995,1.0,4,0.8,0,1,37
BarabasiAlbert,200,0.01995,1.0,2,0.8,0,1,7
BarabasiAlbert,200,0.01995,1.0,4,0.8,0,1,29
BarabasiAlbert,200,0.01995,1.0,4,0.8,0,1,148
BarabasiAlbert,200,0.01995,1.0,4,0.8,0,1,159
BarabasiAlbert,200,0.01995,1.0,3,0.8,0,1,128
BarabasiAlbert,200,0.01995,1.0,3,0.8,0,1,4
BarabasiAlbert,200,0.01995,1.0,4,0.8,0,1,201
BarabasiAlbert,200,0.01995,1.0,2,0.8,0,1,4
BarabasiAlbert,200,0.01995,1.0,2,0.8,0,1,14
BarabasiAlbert,200,0.01995,1.0,2,0.8,0,1,3
BarabasiAlbert,200,0.01995,1.0,4,0.8,0,1,44
BarabasiAlbert,200,0.01995,1.0,2,0.8,0,1,5
BarabasiAlbert,200,0.01995,1.0,3,0.8,0,1,16
BarabasiAlbert,200,0.01995,1.0,2,0.8,0,1,118
BarabasiAlbert,200,0.01995,1.0,4,0.8,0,1,40
BarabasiAlbert,200,0.01995,1.0,3,0.8,0,1,53
BarabasiAlbert,200,0.01995,1.0,2,0.8,0,1,35
BarabasiAlbert,200,0.01995,1.0,2,0.8,0,1,9
BarabasiAlbert,200,0.01995,1.0,4,0.8,0,1,23
BarabasiAlbert,200,0.01995,1.0,2,0.8,0,1,6
BarabasiAlbert,200,0.01995,1.0,4,0.8,0,1,58
BarabasiAlbert,200,0.01995,1.0,5,0.8,0,1,23
BarabasiAlbert,200,0.01995,1.0,2,0.8,0,1,13
BarabasiAlbert,200,0.01995,1.0,3,0.8,0,1,11
BarabasiAlbert,200,0.01995,1.0,4,0.8,0,1,6
BarabasiAlbert,200,0.01995,1.0,4,0.8,0,1,9
BarabasiAlbert,200,0.01995,1.0,4,0.8,0,1,16
BarabasiAlbert,200,0.01995,1.0,3,0.8,0,1,25
BarabasiAlbert,200,0.01995,1.0,3,0.8,0,1,53
BarabasiAlbert,200,0.01995,1.0,2,0.8,0,1,160
BarabasiAlbert,200,0.01995,1.0,3,0.8,0,1,3
BarabasiAlbert,200,0.01995,1.0,3,0.8,0,1,12
BarabasiAlbert,200,0.01995,1.0,4,0.8,0,1,177
BarabasiAlbert,200,0.01995,1.0,2,0.8,0,1,6
BarabasiAlbert,200,0.01995,1.0,4,0.8,0,1,62
BarabasiAlbert,200,0.01995,1.0,2,0.8,0,1,87
BarabasiAlbert,200,0.01995,1.0,4,0.8,0,1,46
BarabasiAlbert,200,0.01995,1.0,3,0.8,0,1,131
BarabasiAlbert,200,0.01995,1.0,2,0.8,0,1,6
BarabasiAlbert,200,0.01995,1.0,3,0.8,0,1,23
BarabasiAlbert,200,0.01995,1.0,3,0.8,0,1,56
BarabasiAlbert,200,0.01995,1.0,2,0.8,0,1,11
BarabasiAlbert,200,0.01995,1.0,2,0.8,0,1,38
BarabasiAlbert,200,0.01995,1.0,3,0.8,0,1,123
BarabasiAlbert,200,0.01995,1.0,3,0.8,0,1,2
BarabasiAlbert,200,0.01995,1.0,3,0.8,0,1,4
BarabasiAlbert,200,0.01995,1.0,5,0.8,0,1,133
BarabasiAlbert,200,0.01995,1.0,3,0.8,0,1,251
BarabasiAlbert,200,0.01995,1.0,4,0.8,0,1,147
BarabasiAlbert,200,0.01995,1.0,4,0.8,0,1,151
BarabasiAlbert,200,0.01995,1.0,4,0.8,0,1,89
BarabasiAlbert,200,0.01995,1.0,4,0.8,0,1,241
BarabasiAlbert,200,0.01995,1.0,4,0.8,0,1,186
BarabasiAlbert,200,0.01995,1.0,3,0.8,0,1,136
BarabasiAlbert,200,0.01995,1.0,3,0.8,0,1,31
BarabasiAlbert,200,0.01995,1.0,3,0.8,0,1,46
BarabasiAlbert,200,0.01995,1.0,3,0.8,0,1,2
BarabasiAlbert,200,0.01995,1.0,2,0.8,0,1,40
BarabasiAlbert,200,0.01995,1.0,5,0.8,0,1,288
BarabasiAlbert,200,0.01995,1.0,3,0.8,0,1,106
BarabasiAlbert,200,0.01995,1.0,4,0.8,0,1,92
BarabasiAlbert,200,0.01995,1.0,2,0.8,0,1,119
BarabasiAlbert,200,0.01995,1.0,5,0.8,0,1,235
BarabasiAlbert,200,0.01995,1.0,4,0.8,0,1,36
BarabasiAlbert,200,0.01995,1.0,3,0.8,0,1,61
BarabasiAlbert,200,0.01995,1.0,4,0.8,0,1,19
BarabasiAlbert,200,0.01995,1.0,5,0.8,0,1,78
BarabasiAlbert,200,0.01995,1.0,3,0.8,0,1,11
BarabasiAlbert,200,0.01995,1.0,3,0.8,0,1,22
BarabasiAlbert,200,0.01995,1.0,4,0.8,0,1,24
BarabasiAlbert,200,0.01995,1.0,5,0.8,0,1,84
BarabasiAlbert,200,0.01995,1.0,3,0.8,0,1,2
BarabasiAlbert,200,0.01995,1.0,3,0.8,0,1,1
BarabasiAlbert,200,0.01995,1.0,5,0.8,0,1,54
BarabasiAlbert,200,0.01995,1.0,2,0.8,0,1,23
BarabasiAlbert,200,0.01995,1.0,5,0.8,0,1,8
BarabasiAlbert,200,0.01995,1.0,3,0.8,0,1,68
BarabasiAlbert,200,0.01995,1.0,4,0.8,0,1,96
BarabasiAlbert,200,0.01995,1.0,5,0.8,0,1,39
BarabasiAlbert,200,0.01995,1.0,4,0.8,0,1,141
BarabasiAlbert,200,0.01995,1.0,3,0.8,0,1,10
BarabasiAlbert,200,0.01995,1.0,3,0.8,0,1,258
BarabasiAlbert,200,0.01995,1.0,3,0.8,0,1,53
BarabasiAlbert,200,0.01995,1.0,4,0.8,0,1,10
BarabasiAlbert,200,0.01995,1.0,4,0.8,0,1,162
BarabasiAlbert,200,0.01995,1.0,4,0.8,0,1,117
BarabasiAlbert,200,0.01995,1.0,3,0.8,0,1,18
BarabasiAlbert,200,0.01995,1.0,3,0.8,0,1,3
BarabasiAlbert,200,0.01995,1.0,3,0.8,0,1,109
BarabasiAlbert,200,0.01995,1.0,3,0.8,0,1,145
BarabasiAlbert,200,0.01995,1.0,3,0.8,0,1,5
BarabasiAlbert,200,0.01995,1.0,3,0.8,0,1,133
BarabasiAlbert,200,0.01995,1.0,2,0.8,0,1,10
BarabasiAlbert,200,0.01995,1.0,4,0.8,0,1,279
BarabasiAlbert,200,0.01995,1.0,2,0.8,0,1,38
BarabasiAlbert,200,0.01995,1.0,3,0.8,0,1,88
BarabasiAlbert,200,0.01995,1.0,3,0.8,0,1,153
BarabasiAlbert,200,0.01995,1.0,4,0.8,0,1,71
BarabasiAlbert,200,0.01995,1.0,4,0.8,0,1,111
BarabasiAlbert,200,0.01995,1.0,2,0.8,0,1,42
BarabasiAlbert,200,0.01995,1.0,5,0.8,0,1,13
BarabasiAlbert,200,0.01995,1.0,4,0.8,0,1,11
BarabasiAlbert,200,0.01995,1.0,2,0.8,0,1,19
BarabasiAlbert,200,0.01995,1.0,4,0.8,0,1,11
BarabasiAlbert,200,0.01995,1.0,2,0.8,0,1,4
BarabasiAlbert,200,0.01995,1.0,3,0.8,0,1,6
BarabasiAlbert,200,0.01995,1.0,3,0.8,0,1,80
BarabasiAlbert,200,0.01995,1.0,3,0.8,0,1,78
BarabasiAlbert,200,0.01995,1.0,3,0.8,0,1,5
BarabasiAlbert,200,0.01995,1.0,1,0.8,0,1,38
BarabasiAlbert,200,0.01995,1.0,2,0.8,0,1,8
BarabasiAlbert,200,0.01995,1.0,4,0.8,0,1,186
BarabasiAlbert,200,0.01995,1.0,4,0.8,0,1,92
BarabasiAlbert,200,0.01995,1.0,2,0.8,0,1,217
BarabasiAlbert,200,0.01995,1.0,5,0.8,0,1,65
BarabasiAlbert,200,0.01995,1.0,5,0.8,0,1,82
BarabasiAlbert,200,0.01995,1.0,4,0.8,0,1,39
BarabasiAlbert,200,0.01995,1.0,4,0.8,0,1,70
BarabasiAlbert,200,0.01995,1.0,4,0.8,0,1,85
BarabasiAlbert,200,0.01995,1.0,4,0.8,0,1,61
BarabasiAlbert,200,0.01995,1.0,4,0.8,0,1,190
BarabasiAlbert,200,0.01995,1.0,4,0.8,0,1,17
BarabasiAlbert,200,0.01995,1.0,3,0.8,0,1,16
BarabasiAlbert,200,0.01995,1.0,4,0.8,0,1,257
BarabasiAlbert,200,0.01995,1.0,3,0.8,0,1,241
BarabasiAlbert,200,0.01995,1.0,4,0.8,0,1,9
BarabasiAlbert,200,0.01995,1.0,3,0.8,0,1,14
BarabasiAlbert,200,0.01995,1.0,2,0.8,0,1,1
BarabasiAlbert,200,0.01995,1.0,3,0.8,0,1,51
BarabasiAlbert,200,0.01995,1.0,4,0.8,0,1,5
BarabasiAlbert,200,0.01995,1.0,4,0.8,0,1,102
BarabasiAlbert,200,0.01995,1.0,4,0.8,0,1,27
BarabasiAlbert,200,0.01995,1.0,4,0.8,0,1,83
BarabasiAlbert,200,0.01995,1.0,4,0.8,0,1,72
BarabasiAlbert,200,0.01995,1.0,4,0.8,0,1,6
BarabasiAlbert,200,0.01995,1.0,3,0.8,0,1,98
BarabasiAlbert,200,0.01995,1.0,4,0.8,0,1,18
BarabasiAlbert,200,0.01995,1.0,4,0.8,0,1,152
BarabasiAlbert,200,0.01995,1.0,3,0.8,0,1,58
BarabasiAlbert,200,0.01995,1.0,2,0.8,0,1,32
BarabasiAlbert,200,0.01995,1.0,3,0.8,0,1,29
BarabasiAlbert,200,0.01995,1.0,4,0.8,0,1,23
BarabasiAlbert,200,0.01995,1.0,4,0.8,0,1,10
BarabasiAlbert,200,0.01995,1.0,3,0.8,0,1,2
BarabasiAlbert,200,0.01995,1.0,4,0.8,0,1,12
BarabasiAlbert,200,0.01995,1.0,2,0.8,0,1,50
BarabasiAlbert,200,0.01995,1.0,3,0.8,0,1,100
BarabasiAlbert,200,0.01995,1.0,4,0.8,0,1,16
BarabasiAlbert,200,0.01995,1.0,2,0.8,0,1,2
BarabasiAlbert,200,0.01995,1.0,3,0.8,0,1,57
BarabasiAlbert,200,0.01995,1.0,4,0.8,0,1,10
BarabasiAlbert,200,0.01995,1.0,4,0.8,0,1,45
BarabasiAlbert,200,0.01995,1.0,5,0.8,0,1,37
BarabasiAlbert,200,0.01995,1.0,4,0.8,0,1,58
BarabasiAlbert,200,0.01995,1.0,2,0.8,0,1,66
BarabasiAlbert,200,0.01995,1.0,1,0.8,0,1,1
BarabasiAlbert,200,0.01995,1.0,3,0.8,0,1,15
BarabasiAlbert,200,0.01995,1.0,2,0.8,0,1,16
BarabasiAlbert,200,0.01995,1.0,4,0.8,0,1,61
BarabasiAlbert,200,0.01995,1.0,5,0.8,0,1,236
BarabasiAlbert,200,0.01995,1.0,3,0.8,0,1,35
BarabasiAlbert,200,0.01995,1.0,4,0.8,0,1,43
BarabasiAlbert,200,0.01995,1.0,4,0.8,0,1,27
BarabasiAlbert,200,0.01995,1.0,2,0.8,0,1,8
BarabasiAlbert,200,0.01995,1.0,4,0.8,0,1,217
BarabasiAlbert,200,0.01995,1.0,3,0.8,0,1,112
BarabasiAlbert,200,0.01995,1.0,4,0.8,0,1,153
BarabasiAlbert,200,0.01995,1.0,5,0.8,0,1,158
BarabasiAlbert,200,0.01995,1.0,4,0.8,0,1,58
BarabasiAlbert,200,0.01995,1.0,4,0.8,0,1,45
BarabasiAlbert,200,0.01995,1.0,1,0.8,0,1,9
BarabasiAlbert,200,0.01995,1.0,2,0.8,0,1,6
BarabasiAlbert,200,0.01995,1.0,4,0.8,0,1,12
BarabasiAlbert,200,0.01995,1.0,2,0.8,0,1,34
BarabasiAlbert,200,0.01995,1.0,4,0.8,0,1,259
BarabasiAlbert,200,0.01995,1.0,3,0.8,0,1,6
BarabasiAlbert,200,0.01995,1.0,3,0.8,0,1,10
BarabasiAlbert,200,0.01995,1.0,4,0.8,0,1,56
BarabasiAlbert,200,0.01995,1.0,2,0.8,0,1,117
BarabasiAlbert,200,0.01995,1.0,3,0.8,0,1,58
BarabasiAlbert,200,0.01995,1.0,4,0.8,0,1,16
BarabasiAlbert,200,0.01995,1.0,5,0.8,0,1,13
BarabasiAlbert,200,0.01995,1.0,4,0.8,0,1,39
BarabasiAlbert,200,0.01995,1.0,3,0.8,0,1,117
BarabasiAlbert,200,0.01995,1.0,5,0.8,0,1,26
BarabasiAlbert,200,0.01995,1.0,4,0.8,0,1,161
BarabasiAlbert,200,0.01995,1.0,3,0.8,0,1,154
BarabasiAlbert,200,0.01995,1.0,3,0.8,0,1,1
BarabasiAlbert,200,0.01995,1.0,3,0.8,0,1,12
BarabasiAlbert,200,0.01995,1.0,3,0.8,0,1,195
BarabasiAlbert,200,0.01995,1.0,3,0.8,0,1,15
BarabasiAlbert,200,0.01995,1.0,4,0.8,0,1,15
BarabasiAlbert,200,0.01995,1.0,3,0.8,0,1,111
BarabasiAlbert,200,0.01995,1.0,3,0.8,0,1,58
BarabasiAlbert,200,0.01995,1.0,2,0.8,0,1,2
BarabasiAlbert,200,0.01995,1.0,4,0.8,0,1,70
BarabasiAlbert,200,0.01995,1.0,3,0.8,0,1,46
BarabasiAlbert,200,0.01995,1.0,4,0.8,0,1,9
BarabasiAlbert,200,0.01995,1.0,4,0.8,0,1,186
BarabasiAlbert,200,0.01995,1.0,4,0.8,0,1,44
BarabasiAlbert,200,0.01995,1.0,4,0.8,0,1,282
BarabasiAlbert,200,0.01995,1.0,2,0.8,0,1,14
BarabasiAlbert,200,0.01995,1.0,4,0.8,0,1,41
BarabasiAlbert,200,0.01995,1.0,4,0.8,0,1,197
BarabasiAlbert,200,0.01995,1.0,2,0.8,0,1,23
BarabasiAlbert,200,0.01995,1.0,3,0.8,0,1,99
BarabasiAlbert,200,0.01995,1.0,5,0.8,0,1,101
BarabasiAlbert,200,0.01995,1.0,4,0.8,0,1,47
BarabasiAlbert,200,0.01995,1.0,3,0.8,0,1,33
BarabasiAlbert,200,0.01995,1.0,3,0.8,0,1,184
BarabasiAlbert,200,0.01995,1.0,3,0.8,0,1,20
BarabasiAlbert,200,0.01995,1.0,3,0.8,0,1,69
BarabasiAlbert,200,0.01995,1.0,3,0.8,0,1,23
BarabasiAlbert,200,0.01995,1.0,3,0.8,0,1,4
BarabasiAlbert,200,0.01995,1.0,3,0.8,0,1,4
BarabasiAlbert,200,0.01995,1.0,2,0.8,0,1,72
BarabasiAlbert,200,0.01995,1.0,4,0.8,0,1,24
BarabasiAlbert,200,0.01995,1.0,3,0.8,0,1,50
BarabasiAlbert,200,0.01995,1.0,4,0.8,0,1,11
BarabasiAlbert,200,0.01995,1.0,2,0.8,0,1,20
BarabasiAlbert,200,0.01995,1.0,5,0.8,0,1,58
BarabasiAlbert,200,0.01995,1.0,2,0.8,0,1,5
BarabasiAlbert,200,0.01995,1.0,3,0.8,0,1,46
BarabasiAlbert,200,0.01995,1.0,3,0.8,0,1,97
BarabasiAlbert,200,0.01995,1.0,4,0.8,0,1,8
BarabasiAlbert,200,0.01995,1.0,4,0.8,0,1,269
BarabasiAlbert,200,0.01995,1.0,4,0.8,0,1,9
BarabasiAlbert,200,0.01995,1.0,4,0.8,0,1,14
BarabasiAlbert,200,0.01995,1.0,2,0.8,0,1,22
BarabasiAlbert,200,0.01995,1.0,4,0.8,0,1,62
BarabasiAlbert,200,0.01995,1.0,2,0.8,0,1,123
BarabasiAlbert,200,0.01995,1.0,4,0.8,0,1,16
BarabasiAlbert,200,0.01995,1.0,3,0.8,0,1,78
BarabasiAlbert,200,0.01995,1.0,4,0.8,0,1,248
BarabasiAlbert,200,0.01995,1.0,3,0.8,0,1,20
BarabasiAlbert,200,0.01995,1.0,3,0.8,0,1,78
BarabasiAlbert,200,0.01995,1.0,4,0.8,0,1,13
BarabasiAlbert,200,0.01995,1.0,4,0.8,0,1,64
BarabasiAlbert,200,0.01995,1.0,3,0.8,0,1,68
BarabasiAlbert,200,0.01995,1.0,4,0.8,0,1,58
BarabasiAlbert,200,0.01995,1.0,5,0.8,0,1,183
BarabasiAlbert,200,0.01995,1.0,5,0.8,0,1,6
BarabasiAlbert,200,0.01995,1.0,3,0.8,0,1,43
BarabasiAlbert,200,0.01995,1.0,2,0.8,0,1,155
BarabasiAlbert,200,0.01995,1.0,2,0.8,0,1,28
BarabasiAlbert,200,0.01995,1.0,4,0.8,0,1,61
BarabasiAlbert,200,0.01995,1.0,4,0.8,0,1,28
BarabasiAlbert,200,0.01995,1.0,3,0.8,0,1,36
BarabasiAlbert,200,0.01995,1.0,4,0.8,0,1,57
BarabasiAlbert,200,0.01995,1.0,2,0.8,0,1,64
BarabasiAlbert,200,0.01995,1.0,3,0.8,0,1,22
BarabasiAlbert,200,0.01995,1.0,4,0.8,0,1,103
BarabasiAlbert,200,0.01995,1.0,2,0.8,0,1,27
BarabasiAlbert,200,0.01995,1.0,4,0.8,0,1,25
BarabasiAlbert,200,0.01995,1.0,4,0.8,0,1,4
BarabasiAlbert,200,0.01995,1.0,3,0.8,0,1,57
BarabasiAlbert,200,0.01995,1.0,4,0.8,0,1,105
BarabasiAlbert,200,0.01995,1.0,3,0.8,0,1,19
BarabasiAlbert,200,0.01995,1.0,3,0.8,0,1,51
BarabasiAlbert,200,0.01995,1.0,2,0.8,0,1,7
BarabasiAlbert,200,0.01995,1.0,3,0.8,0,1,107
BarabasiAlbert,200,0.01995,1.0,4,0.8,0,1,36
BarabasiAlbert,200,0.01995,1.0,4,0.8,0,1,91
BarabasiAlbert,200,0.01995,1.0,4,0.8,0,1,55
BarabasiAlbert,200,0.01995,1.0,1,0.8,0,1,1
BarabasiAlbert,200,0.01995,1.0,3,0.8,0,1,47
BarabasiAlbert,200,0.01995,1.0,4,0.8,0,1,14
BarabasiAlbert,200,0.01995,1.0,2,0.8,0,1,22
BarabasiAlbert,200,0.01995,1.0,4,0.8,0,1,19
BarabasiAlbert,200,0.01995,1.0,2,0.8,0,1,185
BarabasiAlbert,200,0.01995,1.0,3,0.8,0,1,16
BarabasiAlbert,200,0.01995,1.0,3,0.8,0,1,4
BarabasiAlbert,200,0.01995,1.0,4,0.8,0,1,3
BarabasiAlbert,200,0.01995,1.0,4,0.8,0,1,84
BarabasiAlbert,200,0.01995,1.0,1,0.8,0,1,1
BarabasiAlbert,200,0.01995,1.0,3,0.8,0,1,5
BarabasiAlbert,200,0.01995,1.0,4,0.8,0,1,42
BarabasiAlbert,200,0.01995,1.0,4,0.8,0,1,137
BarabasiAlbert,200,0.01995,1.0,4,0.8,0,1,19
BarabasiAlbert,200,0.01995,1.0,2,0.8,0,1,6
BarabasiAlbert,200,0.01995,1.0,4,0.8,0,1,28
BarabasiAlbert,200,0.01995,1.0,4,0.8,0,1,6
BarabasiAlbert,200,0.01995,1.0,4,0.8,0,1,18
BarabasiAlbert,200,0.01995,1.0,4,0.8,0,1,8
BarabasiAlbert,200,0.01995,1.0,4,0.8,0,1,6
BarabasiAlbert,200,0.01995,1.0,3,0.8,0,1,7
BarabasiAlbert,200,0.01995,1.0,4,0.8,0,1,24
BarabasiAlbert,200,0.01995,1.0,4,0.8,0,1,58
BarabasiAlbert,200,0.01995,1.0,4,0.8,0,1,30
BarabasiAlbert,200,0.01995,1.0,4,0.8,0,1,97
BarabasiAlbert,200,0.01995,1.0,4,0.8,0,1,18
BarabasiAlbert,200,0.01995,1.0,3,0.8,0,1,15
BarabasiAlbert,200,0.01995,1.0,2,0.8,0,1,119
BarabasiAlbert,200,0.01995,1.0,4,0.8,0,1,164
BarabasiAlbert,200,0.01995,1.0,4,0.8,0,1,38
BarabasiAlbert,200,0.01995,1.0,5,0.8,0,1,40
BarabasiAlbert,200,0.01995,1.0,1,0.8,0,1,1
BarabasiAlbert,200,0.01995,1.0,3,0.8,0,1,34
BarabasiAlbert,200,0.01995,1.0,4,0.8,0,1,61
BarabasiAlbert,200,0.01995,1.0,4,0.8,0,1,53
BarabasiAlbert,200,0.01995,1.0,3,0.8,0,1,4
BarabasiAlbert,200,0.01995,1.0,3,0.8,0,1,45
BarabasiAlbert,200,0.01995,1.0,2,0.8,0,1,113
BarabasiAlbert,200,0.01995,1.0,4,0.8,0,1,39
BarabasiAlbert,200,0.01995,1.0,1,0.8,0,1,1
BarabasiAlbert,200,0.01995,1.0,4,0.8,0,1,78
BarabasiAlbert,200,0.01995,1.0,3,0.8,0,1,207
BarabasiAlbert,200,0.01995,1.0,3,0.8,0,1,6
BarabasiAlbert,200,0.01995,1.0,3,0.8,0,1,46
BarabasiAlbert,200,0.01995,1.0,2,0.8,0,1,159
BarabasiAlbert,200,0.01995,1.0,5,0.8,0,1,102
BarabasiAlbert,200,0.01995,1.0,3,0.8,0,1,57
BarabasiAlbert,200,0.01995,1.0,4,0.8,0,1,87
BarabasiAlbert,200,0.01995,1.0,5,0.8,0,1,39
BarabasiAlbert,200,0.01995,1.0,2,0.8,0,1,11
BarabasiAlbert,200,0.01995,1.0,3,0.8,0,1,88
BarabasiAlbert,200,0.01995,1.0,5,0.8,0,1,49
BarabasiAlbert,200,0.01995,1.0,3,0.8,0,1,24
BarabasiAlbert,200,0.01995,1.0,4,0.8,0,1,235
BarabasiAlbert,200,0.01995,1.0,2,0.8,0,1,42
BarabasiAlbert,200,0.01995,1.0,3,0.8,0,1,11
BarabasiAlbert,200,0.01995,1.0,3,0.8,0,1,137
BarabasiAlbert,200,0.01995,1.0,5,0.8,0,1,11
BarabasiAlbert,200,0.01995,1.0,3,0.8,0,1,5
BarabasiAlbert,200,0.01995,1.0,2,0.8,0,1,46
BarabasiAlbert,200,0.01995,1.0,4,0.8,0,1,243
BarabasiAlbert,200,0.01995,1.0,3,0.8,0,1,9
BarabasiAlbert,200,0.01995,1.0,4,0.8,0,1,3
BarabasiAlbert,200,0.01995,1.0,2,0.8,0,1,15
BarabasiAlbert,200,0.01995,1.0,4,0.8,0,1,99
BarabasiAlbert,200,0.01995,1.0,4,0.8,0,1,51
BarabasiAlbert,200,0.01995,1.0,4,0.8,0,1,22
BarabasiAlbert,200,0.01995,1.0,4,0.8,0,1,144
BarabasiAlbert,200,0.01995,1.0,0,0.8,0,1,0
BarabasiAlbert,200,0.01995,1.0,4,0.8,0,1,9
BarabasiAlbert,200,0.01995,1.0,4,0.8,0,1,147
BarabasiAlbert,200,0.01995,1.0,3,0.8,0,1,39
BarabasiAlbert,200,0.01995,1.0,3,0.8,0,1,65
BarabasiAlbert,200,0.01995,1.0,4,0.8,0,1,14
BarabasiAlbert,200,0.01995,1.0,4,0.8,0,1,19
BarabasiAlbert,200,0.01995,1.0,3,0.8,0,1,7
BarabasiAlbert,200,0.01995,1.0,3,0.8,0,1,10
BarabasiAlbert,200,0.01995,1.0,3,0.8,0,1,28
BarabasiAlbert,200,0.01995,1.0,3,0.8,0,1,105
BarabasiAlbert,200,0.01995,1.0,4,0.8,0,1,4
BarabasiAlbert,200,0.01995,1.0,4,0.8,0,1,80
BarabasiAlbert,200,0.01995,1.0,4,0.8,0,1,66
BarabasiAlbert,200,0.01995,1.0,4,0.8,0,1,130
BarabasiAlbert,200,0.01995,1.0,3,0.8,0,1,259
BarabasiAlbert,200,0.01995,1.0,3,0.8,0,1,123
BarabasiAlbert,200,0.01995,1.0,3,0.8,0,1,103
BarabasiAlbert,200,0.01995,1.0,4,0.8,0,1,50
BarabasiAlbert,200,0.01995,1.0,3,0.8,0,1,7
BarabasiAlbert,200,0.01995,1.0,4,0.8,0,1,7
BarabasiAlbert,200,0.01995,1.0,5,0.8,0,1,228
BarabasiAlbert,200,0.01995,1.0,4,0.8,0,1,60
BarabasiAlbert,200,0.01995,1.0,3,0.8,0,1,34
BarabasiAlbert,200,0.01995,1.0,4,0.8,0,1,153
BarabasiAlbert,200,0.01995,1.0,4,0.8,0,1,150
BarabasiAlbert,200,0.01995,1.0,3,0.8,0,1,29
BarabasiAlbert,200,0.01995,1.0,4,0.8,0,1,27
BarabasiAlbert,200,0.01995,1.0,3,0.8,0,1,107
BarabasiAlbert,200,0.01995,1.0,3,0.8,0,1,35
BarabasiAlbert,200,0.01995,1.0,5,0.8,0,1,175
BarabasiAlbert,200,0.01995,1.0,3,0.8,0,1,50
BarabasiAlbert,200,0.01995,1.0,3,0.8,0,1,1
BarabasiAlbert,200,0.01995,1.0,4,0.8,0,1,47
BarabasiAlbert,200,0.01995,1.0,3,0.8,0,1,31
BarabasiAlbert,200,0.01995,1.0,3,0.8,0,1,135
BarabasiAlbert,200,0.01995,1.0,4,0.8,0,1,109
BarabasiAlbert,200,0.01995,1.0,4,0.8,0,1,60
BarabasiAlbert,200,0.01995,1.0,2,0.8,0,1,7
BarabasiAlbert,200,0.01995,1.0,4,0.8,0,1,49
BarabasiAlbert,200,0.01995,1.0,3,0.8,0,1,124
BarabasiAlbert,200,0.01995,1.0,2,0.8,0,1,18
BarabasiAlbert,200,0.01995,1.0,3,0.8,0,1,140
BarabasiAlbert,200,0.01995,1.0,1,0.8,0,1,25
BarabasiAlbert,200,0.01995,1.0,3,0.8,0,1,4
BarabasiAlbert,200,0.01995,1.0,3,0.8,0,1,202
BarabasiAlbert,200,0.01995,1.0,4,0.8,0,1,165
BarabasiAlbert,200,0.01995,1.0,3,0.8,0,1,92
BarabasiAlbert,200,0.01995,1.0,3,0.8,0,1,210
BarabasiAlbert,200,0.01995,1.0,4,0.8,0,1,155
BarabasiAlbert,200,0.01995,1.0,4,0.8,0,1,40
BarabasiAlbert,200,0.01995,1.0,4,0.8,0,1,110
BarabasiAlbert,200,0.01995,1.0,3,0.8,0,1,46
BarabasiAlbert,200,0.01995,1.0,3,0.8,0,1,88
BarabasiAlbert,200,0.01995,1.0,3,0.8,0,1,27
BarabasiAlbert,200,0.01995,1.0,2,0.8,0,1,54
BarabasiAlbert,200,0.01995,1.0,4,0.8,0,1,106
BarabasiAlbert,200,0.01995,1.0,4,0.8,0,1,146
BarabasiAlbert,200,0.01995,1.0,4,0.8,0,1,78
BarabasiAlbert,200,0.01995,1.0,4,0.8,0,1,136
BarabasiAlbert,200,0.01995,1.0,4,0.8,0,1,48
BarabasiAlbert,200,0.01995,1.0,5,0.8,0,1,103
BarabasiAlbert,200,0.01995,1.0,2,0.8,0,1,114
BarabasiAlbert,200,0.01995,1.0,4,0.8,0,1,27
BarabasiAlbert,200,0.01995,1.0,4,0.8,0,1,94
BarabasiAlbert,200,0.01995,1.0,2,0.8,0,1,4
BarabasiAlbert,200,0.01995,1.0,4,0.8,0,1,245
BarabasiAlbert,200,0.01995,1.0,4,0.8,0,1,140
BarabasiAlbert,200,0.01995,1.0,3,0.8,0,1,44
BarabasiAlbert,200,0.01995,1.0,2,0.8,0,1,51
BarabasiAlbert,200,0.01995,1.0,1,0.8,0,1,1
BarabasiAlbert,200,0.01995,1.0,3,0.8,0,1,57
BarabasiAlbert,200,0.01995,1.0,3,0.8,0,1,45
BarabasiAlbert,200,0.01995,1.0,3,0.8,0,1,41
BarabasiAlbert,200,0.01995,1.0,4,0.8,0,1,67
BarabasiAlbert,200,0.01995,1.0,5,0.8,0,1,109
BarabasiAlbert,200,0.01995,1.0,3,0.8,0,1,255
BarabasiAlbert,200,0.01995,1.0,4,0.8,0,1,20
BarabasiAlbert,200,0.01995,1.0,3,0.8,0,1,50
BarabasiAlbert,200,0.01995,1.0,3,0.8,0,1,13
BarabasiAlbert,200,0.01995,1.0,2,0.8,0,1,113
BarabasiAlbert,200,0.01995,1.0,4,0.8,0,1,13
BarabasiAlbert,200,0.01995,1.0,4,0.8,0,1,47
BarabasiAlbert,200,0.01995,1.0,4,0.8,0,1,203
BarabasiAlbert,200,0.01995,1.0,3,0.8,0,1,124
BarabasiAlbert,200,0.01995,1.0,5,0.8,0,1,69
BarabasiAlbert,200,0.01995,1.0,3,0.8,0,1,39
BarabasiAlbert,200,0.01995,1.0,4,0.8,0,1,32
BarabasiAlbert,200,0.01995,1.0,2,0.8,0,1,25
BarabasiAlbert,200,0.01995,1.0,2,0.8,0,1,6
BarabasiAlbert,200,0.01995,1.0,3,0.8,0,1,98
BarabasiAlbert,200,0.01995,1.0,4,0.8,0,1,41
BarabasiAlbert,200,0.01995,1.0,3,0.8,0,1,123
BarabasiAlbert,200,0.01995,1.0,3,0.8,0,1,29
BarabasiAlbert,200,0.01995,1.0,4,0.8,0,1,8
BarabasiAlbert,200,0.01995,1.0,2,0.8,0,1,94
BarabasiAlbert,200,0.01995,1.0,4,0.8,0,1,35
BarabasiAlbert,200,0.01995,1.0,4,0.8,0,1,82
BarabasiAlbert,200,0.01995,1.0,3,0.8,0,1,38
BarabasiAlbert,200,0.01995,1.0,5,0.8,0,1,40
BarabasiAlbert,200,0.01995,1.0,4,0.8,0,1,64
BarabasiAlbert,200,0.01995,1.0,2,0.8,0,1,102
BarabasiAlbert,200,0.01995,1.0,5,0.8,0,1,116
BarabasiAlbert,200,0.01995,1.0,5,0.8,0,1,55
BarabasiAlbert,200,0.01995,1.0,4,0.8,0,1,208
BarabasiAlbert,200,0.01995,1.0,2,0.8,0,1,5
BarabasiAlbert,200,0.01995,1.0,4,0.8,0,1,39
BarabasiAlbert,200,0.01995,1.0,2,0.8,0,1,9
BarabasiAlbert,200,0.01995,1.0,3,0.8,0,1,30
BarabasiAlbert,200,0.01995,1.0,3,0.8,0,1,51
BarabasiAlbert,200,0.01995,1.0,4,0.8,0,1,29
BarabasiAlbert,200,0.01995,1.0,4,0.8,0,1,4
BarabasiAlbert,200,0.01995,1.0,3,0.8,0,1,11
BarabasiAlbert,200,0.01995,1.0,3,0.8,0,1,5
BarabasiAlbert,200,0.01995,1.0,3,0.8,0,1,16
BarabasiAlbert,200,0.01995,1.0,3,0.8,0,1,48
BarabasiAlbert,200,0.01995,1.0,3,0.8,0,1,87
BarabasiAlbert,200,0.01995,1.0,3,0.8,0,1,115
BarabasiAlbert,200,0.01995,1.0,4,0.8,0,1,123
BarabasiAlbert,200,0.01995,1.0,4,0.8,0,1,50
BarabasiAlbert,200,0.01995,1.0,3,0.8,0,1,25
BarabasiAlbert,200,0.01995,1.0,2,0.8,0,1,82
BarabasiAlbert,200,0.01995,1.0,3,0.8,0,1,89
BarabasiAlbert,200,0.01995,1.0,3,0.8,0,1,27
BarabasiAlbert,200,0.01995,1.0,4,0.8,0,1,48
BarabasiAlbert,200,0.01995,1.0,2,0.8,0,1,96
BarabasiAlbert,200,0.01995,1.0,4,0.8,0,1,4
BarabasiAlbert,200,0.01995,1.0,3,0.8,0,1,106
BarabasiAlbert,200,0.01995,1.0,4,0.8,0,1,117
BarabasiAlbert,200,0.01995,1.0,4,0.8,0,1,125
BarabasiAlbert,200,0.01995,1.0,4,0.8,0,1,80
BarabasiAlbert,200,0.01995,1.0,4,0.8,0,1,36
BarabasiAlbert,200,0.01995,1.0,3,0.8,0,1,80
BarabasiAlbert,200,0.01995,1.0,3,0.8,0,1,18
BarabasiAlbert,200,0.01995,1.0,5,0.8,0,1,216
BarabasiAlbert,200,0.01995,1.0,4,0.8,0,1,85
BarabasiAlbert,200,0.01995,1.0,4,0.8,0,1,18
BarabasiAlbert,200,0.01995,1.0,5,0.8,0,1,130
BarabasiAlbert,200,0.01995,1.0,4,0.8,0,1,40
BarabasiAlbert,200,0.01995,1.0,3,0.8,0,1,50
BarabasiAlbert,200,0.01995,1.0,5,0.8,0,1,54
BarabasiAlbert,200,0.01995,1.0,4,0.8,0,1,36
BarabasiAlbert,200,0.01995,1.0,4,0.8,0,1,12
BarabasiAlbert,200,0.01995,1.0,3,0.8,0,1,22
BarabasiAlbert,200,0.01995,1.0,4,0.8,0,1,136
BarabasiAlbert,200,0.01995,1.0,2,0.8,0,1,63
BarabasiAlbert,200,0.01995,1.0,3,0.8,0,1,10
BarabasiAlbert,200,0.01995,1.0,5,0.8,0,1,139
BarabasiAlbert,200,0.01995,1.0,4,0.8,0,1,35
BarabasiAlbert,200,0.01995,1.0,4,0.8,0,1,97
BarabasiAlbert,200,0.01995,1.0,3,0.8,0,1,46
BarabasiAlbert,200,0.01995,1.0,2,0.8,0,1,75
BarabasiAlbert,200,0.01995,1.0,1,0.8,0,1,86
BarabasiAlbert,200,0.01995,1.0,4,0.8,0,1,8
BarabasiAlbert,200,0.01995,1.0,4,0.8,0,1,39
BarabasiAlbert,200,0.01995,1.0,4,0.8,0,1,44
BarabasiAlbert,200,0.01995,1.0,4,0.8,0,1,19
BarabasiAlbert,200,0.01995,1.0,4,0.8,0,1,80
BarabasiAlbert,200,0.01995,1.0,5,0.8,0,1,205
BarabasiAlbert,200,0.01995,1.0,3,0.8,0,1,184
BarabasiAlbert,200,0.01995,1.0,4,0.8,0,1,50
BarabasiAlbert,200,0.01995,1.0,3,0.8,0,1,22
BarabasiAlbert,200,0.01995,1.0,2,0.8,0,1,161
BarabasiAlbert,200,0.01995,1.0,4,0.8,0,1,159
BarabasiAlbert,200,0.01995,1.0,4,0.8,0,1,77
BarabasiAlbert,200,0.01995,1.0,4,0.8,0,1,167
BarabasiAlbert,200,0.01995,1.0,3,0.8,0,1,40
BarabasiAlbert,200,0.01995,1.0,3,0.8,0,1,52
BarabasiAlbert,200,0.01995,1.0,3,0.8,0,1,85
BarabasiAlbert,200,0.01995,1.0,2,0.8,0,1,92
BarabasiAlbert,200,0.01995,1.0,4,0.8,0,1,16
BarabasiAlbert,200,0.01995,1.0,5,0.8,0,1,179
BarabasiAlbert,200,0.01995,1.0,4,0.8,0,1,11
BarabasiAlbert,200,0.01995,1.0,3,0.8,0,1,139
BarabasiAlbert,200,0.01995,1.0,3,0.8,0,1,97
BarabasiAlbert,200,0.01995,1.0,4,0.8,0,1,147
BarabasiAlbert,200,0.01995,1.0,3,0.8,0,1,14
BarabasiAlbert,200,0.01995,1.0,4,0.8,0,1,113
BarabasiAlbert,200,0.01995,1.0,5,0.8,0,1,160
BarabasiAlbert,200,0.01995,1.0,3,0.8,0,1,49
BarabasiAlbert,200,0.01995,1.0,4,0.8,0,1,86
BarabasiAlbert,200,0.01995,1.0,3,0.8,0,1,10
BarabasiAlbert,200,0.01995,1.0,3,0.8,0,1,6
BarabasiAlbert,200,0.01995,1.0,5,0.8,0,1,28
BarabasiAlbert,200,0.01995,1.0,3,0.8,0,1,10
BarabasiAlbert,200,0.01995,1.0,2,0.8,0,1,51
BarabasiAlbert,200,0.01995,1.0,3,0.8,0,1,36
BarabasiAlbert,200,0.01995,1.0,3,0.8,0,1,4
BarabasiAlbert,200,0.01995,1.0,3,0.8,0,1,240
BarabasiAlbert,200,0.01995,1.0,4,0.8,0,1,140
BarabasiAlbert,200,0.01995,1.0,2,0.8,0,1,139
BarabasiAlbert,200,0.01995,1.0,4,0.8,0,1,101
BarabasiAlbert,200,0.01995,1.0,4,0.8,0,1,125
BarabasiAlbert,200,0.01995,1.0,3,0.8,0,1,60
BarabasiAlbert,200,0.01995,1.0,5,0.8,0,1,197
BarabasiAlbert,200,0.01995,1.0,4,0.8,0,1,188
BarabasiAlbert,200,0.01995,1.0,3,0.8,0,1,30
